{"cameraMode":{"drawMode":0,"name":"Shaded","section":"Shading Mode"},"sceneLighting":false,"audioPlay":false,"sceneViewState":{"m_AlwaysRefresh":false,"showFog":true,"showSkybox":false,"showFlares":true,"showImageEffects":true,"showParticleSystems":true,"showVisualEffectGraphs":true,"m_FxEnabled":true},"in2DMode":false,"pivot":{"x":-0.38254493474960329,"y":0.35482707619667055,"z":-0.6759017109870911},"rotation":{"x":-0.002024281769990921,"y":0.9977037310600281,"z":-0.03474358841776848,"w":-0.0581309013068676},"size":2.7194302082061769,"orthographic":false}